WSDCID,Name
10277,"Katarina Muršec"
11468,"Marko Udovič"
11882,"Ines Ogorevc"
12385,"Tanja Vojnović"
12855,"Matej Frobe"
12864,"Anja Kejžar"
13284,"Tom Čebular"
17403,"Aleksandra Bersan"
20964,"Martin Artnik"
21303,"Klemen Kenda"
21812,"Maja Ašič"
23123,"Nives Đorđević"
23126,"Mateja Tomišič"
23747,"Iva Bevc"
23951,"Jure Bergant"
24382,"Bor Prihavec"
24393,"Nina Primožič"
24639,"Domen Muren"
24817,"Andreja Jordan"
24818,"Petra Mustar"
24824,"Anja Božič"
25235,"Matjaž Žganec"
25241,"Tjaša Zadravec"
25422,"Anžej Žužek"
25427,"Karmen Majdič"
25432,"Saša Klančar"
25433,"Vesna Mirt"
25436,"Katarina Klepec"
27008,"Oskar Bohinc"
27050,"Ronja Štrukelj Kreč"
27236,"Sebastjan Pretnar"
27773,"Martin Pirkovič"
27775,"Gregor Mohorko"
27778,"Klara Steinbacher"
27781,"Amina Grahović"
28125,"Anja Mihelcic"
28126,"Iva Lazar"
28129,"Ana Kurtagic"
28130,"Eva Glavan"
28132,"Tinkara Grm"
28310,"Alenka Gucek"
29116,"Haris Kurtagic"
